,country,year_x,sex,Preventable mortality,Treatable mortality,GDP per capita,year_y,y_QU1,y_QU2,y_QU3,y_QU4,y_QU5,high bmi,smoking,binge drinking
0,Austria,2011,F,95.29,67.41,36970.0,2015,16497.2,27961.0,36682.2,48215.5,74495.5,0.113,0.083,0.129
1,Austria,2011,M,248.5,96.86,36970.0,2015,16497.2,27961.0,36682.2,48215.5,74495.5,0.146,0.141,0.249
2,Austria,2012,F,96.16,69.72,37820.0,2015,16497.2,27961.0,36682.2,48215.5,74495.5,0.113,0.083,0.129
3,Austria,2012,M,252.28,91.45,37820.0,2015,16497.2,27961.0,36682.2,48215.5,74495.5,0.146,0.141,0.249
4,Austria,2013,F,93.22,66.84,38210.0,2015,16497.2,27961.0,36682.2,48215.5,74495.5,0.113,0.083,0.129
5,Austria,2013,M,245.9,92.05,38210.0,2015,16497.2,27961.0,36682.2,48215.5,74495.5,0.146,0.141,0.249
6,Austria,2014,F,93.95,66.7,38990.0,2015,16497.2,27961.0,36682.2,48215.5,74495.5,0.113,0.083,0.129
7,Austria,2014,M,238.63,90.11,38990.0,2015,16497.2,27961.0,36682.2,48215.5,74495.5,0.146,0.141,0.249
8,Austria,2015,F,97.52,66.85,39890.0,2015,16497.2,27961.0,36682.2,48215.5,74495.5,0.113,0.083,0.129
9,Austria,2015,M,242.3,92.66,39890.0,2015,16497.2,27961.0,36682.2,48215.5,74495.5,0.146,0.141,0.249
10,Austria,2016,F,96.39,66.58,40920.0,2015,16497.2,27961.0,36682.2,48215.5,74495.5,0.113,0.083,0.129
11,Austria,2016,M,231.4,90.42,40920.0,2015,16497.2,27961.0,36682.2,48215.5,74495.5,0.146,0.141,0.249
12,Austria,2017,F,92.94,65.48,41990.0,2015,16497.2,27961.0,36682.2,48215.5,74495.5,0.113,0.083,0.129
13,Austria,2017,M,226.52,88.21,41990.0,2015,16497.2,27961.0,36682.2,48215.5,74495.5,0.146,0.141,0.249
14,Belgium,2011,F,101.35,78.98,34060.0,2015,15759.0,23305.9,33245.0,44850.4,68273.3,0.129,0.063,0.162
15,Belgium,2011,M,248.21,86.28,34060.0,2015,15759.0,23305.9,33245.0,44850.4,68273.3,0.126,0.08900000000000001,0.272
16,Belgium,2012,F,99.97,77.35,34770.0,2015,15759.0,23305.9,33245.0,44850.4,68273.3,0.129,0.063,0.162
17,Belgium,2012,M,246.27,87.46,34770.0,2015,15759.0,23305.9,33245.0,44850.4,68273.3,0.126,0.08900000000000001,0.272
18,Belgium,2013,F,100.34,76.24,35210.0,2015,15759.0,23305.9,33245.0,44850.4,68273.3,0.129,0.063,0.162
19,Belgium,2013,M,239.34,87.82,35210.0,2015,15759.0,23305.9,33245.0,44850.4,68273.3,0.126,0.08900000000000001,0.272
20,Belgium,2014,F,95.4,70.91,35950.0,2015,15759.0,23305.9,33245.0,44850.4,68273.3,0.129,0.063,0.162
21,Belgium,2014,M,231.42,79.38,35950.0,2015,15759.0,23305.9,33245.0,44850.4,68273.3,0.126,0.08900000000000001,0.272
22,Belgium,2015,F,99.71,69.15,36960.0,2015,15759.0,23305.9,33245.0,44850.4,68273.3,0.129,0.063,0.162
23,Belgium,2015,M,225.13,79.3,36960.0,2015,15759.0,23305.9,33245.0,44850.4,68273.3,0.126,0.08900000000000001,0.272
24,Belgium,2016,F,94.13,66.19,37960.0,2015,15759.0,23305.9,33245.0,44850.4,68273.3,0.129,0.063,0.162
25,Belgium,2016,M,218.89,77.34,37960.0,2015,15759.0,23305.9,33245.0,44850.4,68273.3,0.126,0.08900000000000001,0.272
26,Belgium,2017,F,93.12,66.37,39120.0,2015,15759.0,23305.9,33245.0,44850.4,68273.3,0.129,0.063,0.162
27,Belgium,2017,M,207.8,75.49,39120.0,2015,15759.0,23305.9,33245.0,44850.4,68273.3,0.126,0.08900000000000001,0.272
28,Bulgaria,2011,F,119.32,151.57,5620.0,2015,1847.7,3270.1,5115.9,7451.6,14354.6,0.11599999999999999,0.084,0.107
29,Bulgaria,2011,M,344.65,248.0,5620.0,2015,1847.7,3270.1,5115.9,7451.6,14354.6,0.146,0.23199999999999998,0.253
30,Bulgaria,2012,F,126.17,160.44,5760.0,2015,1847.7,3270.1,5115.9,7451.6,14354.6,0.11599999999999999,0.084,0.107
31,Bulgaria,2012,M,365.78,261.28,5760.0,2015,1847.7,3270.1,5115.9,7451.6,14354.6,0.146,0.23199999999999998,0.253
32,Bulgaria,2013,F,119.29,147.09,5770.0,2015,1847.7,3270.1,5115.9,7451.6,14354.6,0.11599999999999999,0.084,0.107
33,Bulgaria,2013,M,379.13,248.15,5770.0,2015,1847.7,3270.1,5115.9,7451.6,14354.6,0.146,0.23199999999999998,0.253
34,Bulgaria,2014,F,129.04,155.03,5940.0,2015,1847.7,3270.1,5115.9,7451.6,14354.6,0.11599999999999999,0.084,0.107
35,Bulgaria,2014,M,378.31,256.34,5940.0,2015,1847.7,3270.1,5115.9,7451.6,14354.6,0.146,0.23199999999999998,0.253
36,Bulgaria,2015,F,128.32,152.09,6370.0,2015,1847.7,3270.1,5115.9,7451.6,14354.6,0.11599999999999999,0.084,0.107
37,Bulgaria,2015,M,381.02,252.99,6370.0,2015,1847.7,3270.1,5115.9,7451.6,14354.6,0.146,0.23199999999999998,0.253
38,Bulgaria,2016,F,120.14,146.35,6820.0,2015,1847.7,3270.1,5115.9,7451.6,14354.6,0.11599999999999999,0.084,0.107
39,Bulgaria,2016,M,363.2,251.99,6820.0,2015,1847.7,3270.1,5115.9,7451.6,14354.6,0.146,0.23199999999999998,0.253
40,Bulgaria,2017,F,121.87,147.07,7400.0,2015,1847.7,3270.1,5115.9,7451.6,14354.6,0.11599999999999999,0.084,0.107
41,Bulgaria,2017,M,356.93,246.05,7400.0,2015,1847.7,3270.1,5115.9,7451.6,14354.6,0.146,0.23199999999999998,0.253
42,Croatia,2011,F,131.81,123.47,10490.0,2015,3490.6,6917.6,10486.8,14216.7,22076.3,0.138,0.081,0.038
43,Croatia,2011,M,409.37,192.33,10490.0,2015,3490.6,6917.6,10486.8,14216.7,22076.3,0.198,0.198,0.174
44,Croatia,2012,F,120.78,119.18,10310.0,2015,3490.6,6917.6,10486.8,14216.7,22076.3,0.138,0.081,0.038
45,Croatia,2012,M,409.87,188.58,10310.0,2015,3490.6,6917.6,10486.8,14216.7,22076.3,0.198,0.198,0.174
46,Croatia,2013,F,118.38,113.21,10300.0,2015,3490.6,6917.6,10486.8,14216.7,22076.3,0.138,0.081,0.038
47,Croatia,2013,M,387.01,176.58,10300.0,2015,3490.6,6917.6,10486.8,14216.7,22076.3,0.198,0.198,0.174
48,Croatia,2014,F,120.42,113.53,10250.0,2015,3490.6,6917.6,10486.8,14216.7,22076.3,0.138,0.081,0.038
49,Croatia,2014,M,375.01,182.66,10250.0,2015,3490.6,6917.6,10486.8,14216.7,22076.3,0.198,0.198,0.174
50,Croatia,2015,F,125.41,117.19,10600.0,2015,3490.6,6917.6,10486.8,14216.7,22076.3,0.138,0.081,0.038
51,Croatia,2015,M,381.83,187.51,10600.0,2015,3490.6,6917.6,10486.8,14216.7,22076.3,0.198,0.198,0.174
52,Croatia,2016,F,113.56,109.32,11170.0,2015,3490.6,6917.6,10486.8,14216.7,22076.3,0.138,0.081,0.038
53,Croatia,2016,M,368.24,175.61,11170.0,2015,3490.6,6917.6,10486.8,14216.7,22076.3,0.198,0.198,0.174
54,Croatia,2017,F,117.26,107.57,11920.0,2015,3490.6,6917.6,10486.8,14216.7,22076.3,0.138,0.081,0.038
55,Croatia,2017,M,363.82,176.44,11920.0,2015,3490.6,6917.6,10486.8,14216.7,22076.3,0.198,0.198,0.174
56,Cyprus,2011,F,57.31,70.88,23270.0,2015,11467.4,18180.6,25357.4,35763.9,60673.0,0.09699999999999999,0.049,0.017
57,Cyprus,2011,M,163.84,88.06,23270.0,2015,11467.4,18180.6,25357.4,35763.9,60673.0,0.147,0.218,0.081
58,Cyprus,2012,F,49.38,67.92,22500.0,2015,11467.4,18180.6,25357.4,35763.9,60673.0,0.09699999999999999,0.049,0.017
59,Cyprus,2012,M,180.62,101.88,22500.0,2015,11467.4,18180.6,25357.4,35763.9,60673.0,0.147,0.218,0.081
60,Cyprus,2013,F,47.75,61.18,20880.0,2015,11467.4,18180.6,25357.4,35763.9,60673.0,0.09699999999999999,0.049,0.017
61,Cyprus,2013,M,172.97,87.87,20880.0,2015,11467.4,18180.6,25357.4,35763.9,60673.0,0.147,0.218,0.081
62,Cyprus,2014,F,54.65,63.0,20450.0,2015,11467.4,18180.6,25357.4,35763.9,60673.0,0.09699999999999999,0.049,0.017
63,Cyprus,2014,M,166.58,84.74,20450.0,2015,11467.4,18180.6,25357.4,35763.9,60673.0,0.147,0.218,0.081
64,Cyprus,2015,F,55.67,70.35,21100.0,2015,11467.4,18180.6,25357.4,35763.9,60673.0,0.09699999999999999,0.049,0.017
65,Cyprus,2015,M,168.48,89.91,21100.0,2015,11467.4,18180.6,25357.4,35763.9,60673.0,0.147,0.218,0.081
66,Cyprus,2016,F,49.98,59.77,22230.0,2015,11467.4,18180.6,25357.4,35763.9,60673.0,0.09699999999999999,0.049,0.017
67,Cyprus,2016,M,153.51,83.46,22230.0,2015,11467.4,18180.6,25357.4,35763.9,60673.0,0.147,0.218,0.081
68,Cyprus,2017,F,46.69,60.5,23410.0,2015,11467.4,18180.6,25357.4,35763.9,60673.0,0.09699999999999999,0.049,0.017
69,Cyprus,2017,M,180.85,88.35,23410.0,2015,11467.4,18180.6,25357.4,35763.9,60673.0,0.147,0.218,0.081
70,Czechia,2011,F,121.08,114.21,15740.0,2015,5855.1,9334.9,12419.9,16699.2,26053.4,0.16,0.028999999999999998,0.08900000000000001
71,Czechia,2011,M,344.03,187.04,15740.0,2015,5855.1,9334.9,12419.9,16699.2,26053.4,0.184,0.11,0.212
72,Czechia,2012,F,118.74,110.31,15470.0,2015,5855.1,9334.9,12419.9,16699.2,26053.4,0.16,0.028999999999999998,0.08900000000000001
73,Czechia,2012,M,332.88,186.58,15470.0,2015,5855.1,9334.9,12419.9,16699.2,26053.4,0.184,0.11,0.212
74,Czechia,2013,F,120.41,109.37,15170.0,2015,5855.1,9334.9,12419.9,16699.2,26053.4,0.16,0.028999999999999998,0.08900000000000001
75,Czechia,2013,M,331.8,182.09,15170.0,2015,5855.1,9334.9,12419.9,16699.2,26053.4,0.184,0.11,0.212
76,Czechia,2014,F,110.13,98.25,15000.0,2015,5855.1,9334.9,12419.9,16699.2,26053.4,0.16,0.028999999999999998,0.08900000000000001
77,Czechia,2014,M,310.88,170.95,15000.0,2015,5855.1,9334.9,12419.9,16699.2,26053.4,0.184,0.11,0.212
78,Czechia,2015,F,113.31,100.93,16080.0,2015,5855.1,9334.9,12419.9,16699.2,26053.4,0.16,0.028999999999999998,0.08900000000000001
79,Czechia,2015,M,311.61,175.33,16080.0,2015,5855.1,9334.9,12419.9,16699.2,26053.4,0.184,0.11,0.212
80,Czechia,2016,F,106.4,95.78,16790.0,2015,5855.1,9334.9,12419.9,16699.2,26053.4,0.16,0.028999999999999998,0.08900000000000001
81,Czechia,2016,M,294.45,165.79,16790.0,2015,5855.1,9334.9,12419.9,16699.2,26053.4,0.184,0.11,0.212
82,Czechia,2017,F,108.15,96.16,18330.0,2015,5855.1,9334.9,12419.9,16699.2,26053.4,0.16,0.028999999999999998,0.08900000000000001
83,Czechia,2017,M,295.76,162.91,18330.0,2015,5855.1,9334.9,12419.9,16699.2,26053.4,0.184,0.11,0.212
84,Denmark,2011,F,126.47,86.18,44500.0,2015,16383.2,29062.8,39386.7,52635.8,87616.3,0.149,0.031,0.265
85,Denmark,2011,M,242.02,96.74,44500.0,2015,16383.2,29062.8,39386.7,52635.8,87616.3,0.129,0.055999999999999994,0.344
86,Denmark,2012,F,130.97,81.71,45530.0,2015,16383.2,29062.8,39386.7,52635.8,87616.3,0.149,0.031,0.265
87,Denmark,2012,M,235.76,92.44,45530.0,2015,16383.2,29062.8,39386.7,52635.8,87616.3,0.129,0.055999999999999994,0.344
88,Denmark,2013,F,122.39,73.79,46100.0,2015,16383.2,29062.8,39386.7,52635.8,87616.3,0.149,0.031,0.265
89,Denmark,2013,M,223.94,87.55,46100.0,2015,16383.2,29062.8,39386.7,52635.8,87616.3,0.129,0.055999999999999994,0.344
90,Denmark,2014,F,121.62,73.42,47090.0,2015,16383.2,29062.8,39386.7,52635.8,87616.3,0.149,0.031,0.265
91,Denmark,2014,M,226.2,83.0,47090.0,2015,16383.2,29062.8,39386.7,52635.8,87616.3,0.129,0.055999999999999994,0.344
92,Denmark,2015,F,116.91,73.07,48050.0,2015,16383.2,29062.8,39386.7,52635.8,87616.3,0.149,0.031,0.265
93,Denmark,2015,M,212.8,82.83,48050.0,2015,16383.2,29062.8,39386.7,52635.8,87616.3,0.129,0.055999999999999994,0.344
94,Denmark,2016,F,115.01,70.8,49420.0,2015,16383.2,29062.8,39386.7,52635.8,87616.3,0.149,0.031,0.265
95,Denmark,2016,M,207.67,81.51,49420.0,2015,16383.2,29062.8,39386.7,52635.8,87616.3,0.129,0.055999999999999994,0.344
96,Denmark,2017,F,111.21,65.19,51140.0,2015,16383.2,29062.8,39386.7,52635.8,87616.3,0.149,0.031,0.265
97,Denmark,2017,M,203.39,81.57,51140.0,2015,16383.2,29062.8,39386.7,52635.8,87616.3,0.129,0.055999999999999994,0.344
98,Estonia,2011,F,136.86,113.6,12660.0,2015,4233.3,7538.9,13294.9,19001.3,32143.5,0.17,0.028999999999999998,0.11
99,Estonia,2011,M,518.56,229.04,12660.0,2015,4233.3,7538.9,13294.9,19001.3,32143.5,0.18,0.153,0.297
100,Estonia,2012,F,135.79,114.61,13620.0,2015,4233.3,7538.9,13294.9,19001.3,32143.5,0.17,0.028999999999999998,0.11
101,Estonia,2012,M,524.47,229.96,13620.0,2015,4233.3,7538.9,13294.9,19001.3,32143.5,0.18,0.153,0.297
102,Estonia,2013,F,134.01,110.67,14420.0,2015,4233.3,7538.9,13294.9,19001.3,32143.5,0.17,0.028999999999999998,0.11
103,Estonia,2013,M,476.59,217.37,14420.0,2015,4233.3,7538.9,13294.9,19001.3,32143.5,0.18,0.153,0.297
104,Estonia,2014,F,127.35,107.13,15340.0,2015,4233.3,7538.9,13294.9,19001.3,32143.5,0.17,0.028999999999999998,0.11
105,Estonia,2014,M,479.28,216.68,15340.0,2015,4233.3,7538.9,13294.9,19001.3,32143.5,0.18,0.153,0.297
106,Estonia,2015,F,125.68,107.21,15820.0,2015,4233.3,7538.9,13294.9,19001.3,32143.5,0.17,0.028999999999999998,0.11
107,Estonia,2015,M,459.28,205.27,15820.0,2015,4233.3,7538.9,13294.9,19001.3,32143.5,0.18,0.153,0.297
108,Estonia,2016,F,124.93,101.14,16670.0,2015,4233.3,7538.9,13294.9,19001.3,32143.5,0.17,0.028999999999999998,0.11
109,Estonia,2016,M,441.21,200.33,16670.0,2015,4233.3,7538.9,13294.9,19001.3,32143.5,0.18,0.153,0.297
110,Estonia,2017,F,113.9,95.2,18130.0,2015,4233.3,7538.9,13294.9,19001.3,32143.5,0.17,0.028999999999999998,0.11
111,Estonia,2017,M,418.41,193.26,18130.0,2015,4233.3,7538.9,13294.9,19001.3,32143.5,0.18,0.153,0.297
112,Finland,2011,F,94.05,66.04,36750.0,2015,15468.8,25529.5,35562.7,45565.7,72075.0,0.154,0.0,0.19699999999999998
113,Finland,2011,M,288.01,109.2,36750.0,2015,15468.8,25529.5,35562.7,45565.7,72075.0,0.17800000000000002,0.0,0.319
114,Finland,2012,F,93.26,69.29,37130.0,2015,15468.8,25529.5,35562.7,45565.7,72075.0,0.154,0.0,0.19699999999999998
115,Finland,2012,M,278.31,102.45,37130.0,2015,15468.8,25529.5,35562.7,45565.7,72075.0,0.17800000000000002,0.0,0.319
116,Finland,2013,F,91.07,63.1,37570.0,2015,15468.8,25529.5,35562.7,45565.7,72075.0,0.154,0.0,0.19699999999999998
117,Finland,2013,M,272.82,99.63,37570.0,2015,15468.8,25529.5,35562.7,45565.7,72075.0,0.17800000000000002,0.0,0.319
118,Finland,2014,F,87.9,60.57,37880.0,2015,15468.8,25529.5,35562.7,45565.7,72075.0,0.154,0.0,0.19699999999999998
119,Finland,2014,M,254.43,95.69,37880.0,2015,15468.8,25529.5,35562.7,45565.7,72075.0,0.17800000000000002,0.0,0.319
120,Finland,2015,F,85.51,59.33,38570.0,2015,15468.8,25529.5,35562.7,45565.7,72075.0,0.154,0.0,0.19699999999999998
121,Finland,2015,M,245.41,91.84,38570.0,2015,15468.8,25529.5,35562.7,45565.7,72075.0,0.17800000000000002,0.0,0.319
122,Finland,2016,F,84.53,63.02,39580.0,2015,15468.8,25529.5,35562.7,45565.7,72075.0,0.154,0.0,0.19699999999999998
123,Finland,2016,M,251.58,91.82,39580.0,2015,15468.8,25529.5,35562.7,45565.7,72075.0,0.17800000000000002,0.0,0.319
124,Finland,2017,F,86.37,61.21,41080.0,2015,15468.8,25529.5,35562.7,45565.7,72075.0,0.154,0.0,0.19699999999999998
125,Finland,2017,M,239.15,91.42,41080.0,2015,15468.8,25529.5,35562.7,45565.7,72075.0,0.17800000000000002,0.0,0.319
126,France,2011,F,70.54,62.67,31510.0,2015,17884.8,26596.7,33728.1,44264.0,75395.6,0.133,0.034,
127,France,2011,M,230.85,73.36,31510.0,2015,17884.8,26596.7,33728.1,44264.0,75395.6,0.127,0.077,
128,France,2012,F,69.02,61.53,31820.0,2015,17884.8,26596.7,33728.1,44264.0,75395.6,0.133,0.034,
129,France,2012,M,223.26,71.26,31820.0,2015,17884.8,26596.7,33728.1,44264.0,75395.6,0.127,0.077,
130,France,2013,F,67.78,61.02,32080.0,2015,17884.8,26596.7,33728.1,44264.0,75395.6,0.133,0.034,
131,France,2013,M,218.86,69.75,32080.0,2015,17884.8,26596.7,33728.1,44264.0,75395.6,0.127,0.077,
132,France,2014,F,67.05,59.66,32420.0,2015,17884.8,26596.7,33728.1,44264.0,75395.6,0.133,0.034,
133,France,2014,M,209.93,66.64,32420.0,2015,17884.8,26596.7,33728.1,44264.0,75395.6,0.127,0.077,
134,France,2015,F,67.45,58.67,33020.0,2015,17884.8,26596.7,33728.1,44264.0,75395.6,0.133,0.034,
135,France,2015,M,211.69,67.64,33020.0,2015,17884.8,26596.7,33728.1,44264.0,75395.6,0.127,0.077,
136,France,2016,F,66.76,59.0,33430.0,2015,17884.8,26596.7,33728.1,44264.0,75395.6,0.133,0.034,
137,France,2016,M,206.3,66.63,33430.0,2015,17884.8,26596.7,33728.1,44264.0,75395.6,0.127,0.077,
138,France,2017,F,,,34250.0,2015,17884.8,26596.7,33728.1,44264.0,75395.6,0.133,0.034,
139,France,2017,M,,,34250.0,2015,17884.8,26596.7,33728.1,44264.0,75395.6,0.127,0.077,
140,Germany,2011,F,93.29,80.98,33550.0,2015,11261.9,22657.8,31214.1,41148.2,67810.7,0.145,0.04,0.2
141,Germany,2011,M,238.32,109.32,33550.0,2015,11261.9,22657.8,31214.1,41148.2,67810.7,0.157,0.081,0.306
142,Germany,2012,F,92.69,78.78,34130.0,2015,11261.9,22657.8,31214.1,41148.2,67810.7,0.145,0.04,0.2
143,Germany,2012,M,233.42,106.51,34130.0,2015,11261.9,22657.8,31214.1,41148.2,67810.7,0.157,0.081,0.306
144,Germany,2013,F,95.3,78.71,34860.0,2015,11261.9,22657.8,31214.1,41148.2,67810.7,0.145,0.04,0.2
145,Germany,2013,M,233.47,105.62,34860.0,2015,11261.9,22657.8,31214.1,41148.2,67810.7,0.157,0.081,0.306
146,Germany,2014,F,91.52,75.11,36150.0,2015,11261.9,22657.8,31214.1,41148.2,67810.7,0.145,0.04,0.2
147,Germany,2014,M,224.37,100.9,36150.0,2015,11261.9,22657.8,31214.1,41148.2,67810.7,0.157,0.081,0.306
148,Germany,2015,F,95.52,76.63,37050.0,2015,11261.9,22657.8,31214.1,41148.2,67810.7,0.145,0.04,0.2
149,Germany,2015,M,228.08,103.27,37050.0,2015,11261.9,22657.8,31214.1,41148.2,67810.7,0.157,0.081,0.306
150,Germany,2016,F,94.81,75.14,38070.0,2015,11261.9,22657.8,31214.1,41148.2,67810.7,0.145,0.04,0.2
151,Germany,2016,M,224.21,99.8,38070.0,2015,11261.9,22657.8,31214.1,41148.2,67810.7,0.157,0.081,0.306
152,Germany,2017,F,94.9,73.7,39440.0,2015,11261.9,22657.8,31214.1,41148.2,67810.7,0.145,0.04,0.2
153,Germany,2017,M,219.71,98.39,39440.0,2015,11261.9,22657.8,31214.1,41148.2,67810.7,0.157,0.081,0.306
154,Greece,2011,F,65.55,74.53,18310.0,2015,5005.0,9829.2,12713.9,17121.5,30095.8,0.134,0.11800000000000001,0.061
155,Greece,2011,M,239.19,115.76,18310.0,2015,5005.0,9829.2,12713.9,17121.5,30095.8,0.175,0.25,0.154
156,Greece,2012,F,65.58,77.14,17060.0,2015,5005.0,9829.2,12713.9,17121.5,30095.8,0.134,0.11800000000000001,0.061
157,Greece,2012,M,244.36,117.64,17060.0,2015,5005.0,9829.2,12713.9,17121.5,30095.8,0.175,0.25,0.154
158,Greece,2013,F,66.81,74.05,16380.0,2015,5005.0,9829.2,12713.9,17121.5,30095.8,0.134,0.11800000000000001,0.061
159,Greece,2013,M,241.0,109.98,16380.0,2015,5005.0,9829.2,12713.9,17121.5,30095.8,0.175,0.25,0.154
160,Greece,2014,F,61.49,74.97,16280.0,2015,5005.0,9829.2,12713.9,17121.5,30095.8,0.134,0.11800000000000001,0.061
161,Greece,2014,M,231.8,116.17,16280.0,2015,5005.0,9829.2,12713.9,17121.5,30095.8,0.175,0.25,0.154
162,Greece,2015,F,63.99,76.21,16270.0,2015,5005.0,9829.2,12713.9,17121.5,30095.8,0.134,0.11800000000000001,0.061
163,Greece,2015,M,235.02,119.39,16270.0,2015,5005.0,9829.2,12713.9,17121.5,30095.8,0.175,0.25,0.154
164,Greece,2016,F,65.24,75.43,16170.0,2015,5005.0,9829.2,12713.9,17121.5,30095.8,0.134,0.11800000000000001,0.061
165,Greece,2016,M,225.86,116.64,16170.0,2015,5005.0,9829.2,12713.9,17121.5,30095.8,0.175,0.25,0.154
166,Greece,2017,F,64.26,76.6,16470.0,2015,5005.0,9829.2,12713.9,17121.5,30095.8,0.134,0.11800000000000001,0.061
167,Greece,2017,M,227.13,113.93,16470.0,2015,5005.0,9829.2,12713.9,17121.5,30095.8,0.175,0.25,0.154
168,Hungary,2011,F,201.43,152.34,10230.0,2015,3657.7,5866.3,7641.1,10043.4,16038.2,0.175,0.035,0.028999999999999998
169,Hungary,2011,M,557.7,257.96,10230.0,2015,3657.7,5866.3,7641.1,10043.4,16038.2,0.20600000000000002,0.11,0.111
170,Hungary,2012,F,198.36,150.7,10080.0,2015,3657.7,5866.3,7641.1,10043.4,16038.2,0.175,0.035,0.028999999999999998
171,Hungary,2012,M,538.49,248.59,10080.0,2015,3657.7,5866.3,7641.1,10043.4,16038.2,0.20600000000000002,0.11,0.111
172,Hungary,2013,F,191.96,143.57,10310.0,2015,3657.7,5866.3,7641.1,10043.4,16038.2,0.175,0.035,0.028999999999999998
173,Hungary,2013,M,506.31,238.47,10310.0,2015,3657.7,5866.3,7641.1,10043.4,16038.2,0.20600000000000002,0.11,0.111
174,Hungary,2014,F,190.5,141.75,10750.0,2015,3657.7,5866.3,7641.1,10043.4,16038.2,0.175,0.035,0.028999999999999998
175,Hungary,2014,M,503.64,235.51,10750.0,2015,3657.7,5866.3,7641.1,10043.4,16038.2,0.20600000000000002,0.11,0.111
176,Hungary,2015,F,198.75,143.62,11450.0,2015,3657.7,5866.3,7641.1,10043.4,16038.2,0.175,0.035,0.028999999999999998
177,Hungary,2015,M,502.07,235.51,11450.0,2015,3657.7,5866.3,7641.1,10043.4,16038.2,0.20600000000000002,0.11,0.111
178,Hungary,2016,F,184.89,134.27,11830.0,2015,3657.7,5866.3,7641.1,10043.4,16038.2,0.175,0.035,0.028999999999999998
179,Hungary,2016,M,499.22,229.29,11830.0,2015,3657.7,5866.3,7641.1,10043.4,16038.2,0.20600000000000002,0.11,0.111
180,Hungary,2017,F,191.92,136.96,12960.0,2015,3657.7,5866.3,7641.1,10043.4,16038.2,0.175,0.035,0.028999999999999998
181,Hungary,2017,M,495.52,232.93,12960.0,2015,3657.7,5866.3,7641.1,10043.4,16038.2,0.20600000000000002,0.11,0.111
182,Iceland,2011,F,108.82,58.07,34280.0,,,,,,,0.175,0.016,0.205
183,Iceland,2011,M,168.14,70.72,34280.0,,,,,,,0.177,0.038,0.31
184,Iceland,2012,F,106.78,57.77,35800.0,,,,,,,0.175,0.016,0.205
185,Iceland,2012,M,152.87,66.66,35800.0,,,,,,,0.177,0.038,0.31
186,Iceland,2013,F,95.51,73.05,37470.0,,,,,,,0.175,0.016,0.205
187,Iceland,2013,M,167.46,63.91,37470.0,,,,,,,0.177,0.038,0.31
188,Iceland,2014,F,88.37,58.7,41150.0,,,,,,,0.175,0.016,0.205
189,Iceland,2014,M,148.4,66.85,41150.0,,,,,,,0.177,0.038,0.31
190,Iceland,2015,F,97.12,69.15,47750.0,,,,,,,0.175,0.016,0.205
191,Iceland,2015,M,155.15,64.63,47750.0,,,,,,,0.177,0.038,0.31
192,Iceland,2016,F,102.99,58.34,56070.0,,,,,,,0.175,0.016,0.205
193,Iceland,2016,M,175.03,66.37,56070.0,,,,,,,0.177,0.038,0.31
194,Iceland,2017,F,74.52,50.52,63830.0,,,,,,,0.175,0.016,0.205
195,Iceland,2017,M,172.87,62.02,63830.0,,,,,,,0.177,0.038,0.31
196,Ireland,2011,F,100.31,84.92,37340.0,2015,16411.1,27132.3,40530.9,55006.8,83478.8,0.16699999999999998,0.03,0.16399999999999998
197,Ireland,2011,M,216.34,103.37,37340.0,2015,16411.1,27132.3,40530.9,55006.8,83478.8,0.2,0.052000000000000005,0.256
198,Ireland,2012,F,95.84,80.62,38090.0,2015,16411.1,27132.3,40530.9,55006.8,83478.8,0.16699999999999998,0.03,0.16399999999999998
199,Ireland,2012,M,211.13,99.04,38090.0,2015,16411.1,27132.3,40530.9,55006.8,83478.8,0.2,0.052000000000000005,0.256
200,Ireland,2013,F,94.38,78.26,38880.0,2015,16411.1,27132.3,40530.9,55006.8,83478.8,0.16699999999999998,0.03,0.16399999999999998
201,Ireland,2013,M,207.05,95.0,38880.0,2015,16411.1,27132.3,40530.9,55006.8,83478.8,0.2,0.052000000000000005,0.256
202,Ireland,2014,F,98.66,77.45,41950.0,2015,16411.1,27132.3,40530.9,55006.8,83478.8,0.16699999999999998,0.03,0.16399999999999998
203,Ireland,2014,M,196.85,90.24,41950.0,2015,16411.1,27132.3,40530.9,55006.8,83478.8,0.2,0.052000000000000005,0.256
204,Ireland,2015,F,89.77,77.74,55980.0,2015,16411.1,27132.3,40530.9,55006.8,83478.8,0.16699999999999998,0.03,0.16399999999999998
205,Ireland,2015,M,185.13,90.04,55980.0,2015,16411.1,27132.3,40530.9,55006.8,83478.8,0.2,0.052000000000000005,0.256
206,Ireland,2016,F,93.98,75.52,57020.0,2015,16411.1,27132.3,40530.9,55006.8,83478.8,0.16699999999999998,0.03,0.16399999999999998
207,Ireland,2016,M,183.17,84.87,57020.0,2015,16411.1,27132.3,40530.9,55006.8,83478.8,0.2,0.052000000000000005,0.256
208,Ireland,2017,F,86.85,68.18,62550.0,2015,16411.1,27132.3,40530.9,55006.8,83478.8,0.16699999999999998,0.03,0.16399999999999998
209,Ireland,2017,M,172.87,78.46,62550.0,2015,16411.1,27132.3,40530.9,55006.8,83478.8,0.2,0.052000000000000005,0.256
210,Italy,2011,F,65.56,69.54,27450.0,,,,,,,0.08199999999999999,0.036000000000000004,0.036000000000000004
211,Italy,2011,M,189.96,82.23,27450.0,,,,,,,0.10300000000000001,0.095,0.096
212,Italy,2012,F,64.49,69.54,26920.0,,,,,,,0.08199999999999999,0.036000000000000004,0.036000000000000004
213,Italy,2012,M,185.42,81.47,26920.0,,,,,,,0.10300000000000001,0.095,0.096
214,Italy,2013,F,62.41,65.61,26590.0,,,,,,,0.08199999999999999,0.036000000000000004,0.036000000000000004
215,Italy,2013,M,175.62,77.97,26590.0,,,,,,,0.10300000000000001,0.095,0.096
216,Italy,2014,F,60.36,64.71,26770.0,,,,,,,0.08199999999999999,0.036000000000000004,0.036000000000000004
217,Italy,2014,M,170.24,73.97,26770.0,,,,,,,0.10300000000000001,0.095,0.096
218,Italy,2015,F,61.9,65.79,27260.0,,,,,,,0.08199999999999999,0.036000000000000004,0.036000000000000004
219,Italy,2015,M,170.04,77.57,27260.0,,,,,,,0.10300000000000001,0.095,0.096
220,Italy,2016,F,60.14,62.34,27970.0,,,,,,,0.08199999999999999,0.036000000000000004,0.036000000000000004
221,Italy,2016,M,164.25,71.65,27970.0,,,,,,,0.10300000000000001,0.095,0.096
222,Italy,2017,F,60.19,62.49,28690.0,,,,,,,0.08199999999999999,0.036000000000000004,0.036000000000000004
223,Italy,2017,M,161.06,71.05,28690.0,,,,,,,0.10300000000000001,0.095,0.096
224,Latvia,2011,F,182.03,171.26,9870.0,2015,2903.8,5817.0,9990.3,14587.3,26319.6,0.187,0.026000000000000002,0.102
225,Latvia,2011,M,630.02,333.31,9870.0,2015,2903.8,5817.0,9990.3,14587.3,26319.6,0.18,0.16,0.344
226,Latvia,2012,F,176.25,161.74,10930.0,2015,2903.8,5817.0,9990.3,14587.3,26319.6,0.187,0.026000000000000002,0.102
227,Latvia,2012,M,627.36,320.58,10930.0,2015,2903.8,5817.0,9990.3,14587.3,26319.6,0.18,0.16,0.344
228,Latvia,2013,F,181.2,161.86,11410.0,2015,2903.8,5817.0,9990.3,14587.3,26319.6,0.187,0.026000000000000002,0.102
229,Latvia,2013,M,607.85,305.78,11410.0,2015,2903.8,5817.0,9990.3,14587.3,26319.6,0.18,0.16,0.344
230,Latvia,2014,F,164.44,147.65,11840.0,2015,2903.8,5817.0,9990.3,14587.3,26319.6,0.187,0.026000000000000002,0.102
231,Latvia,2014,M,599.91,298.81,11840.0,2015,2903.8,5817.0,9990.3,14587.3,26319.6,0.18,0.16,0.344
232,Latvia,2015,F,164.97,153.67,12420.0,2015,2903.8,5817.0,9990.3,14587.3,26319.6,0.187,0.026000000000000002,0.102
233,Latvia,2015,M,578.43,284.04,12420.0,2015,2903.8,5817.0,9990.3,14587.3,26319.6,0.18,0.16,0.344
234,Latvia,2016,F,157.91,147.39,12940.0,2015,2903.8,5817.0,9990.3,14587.3,26319.6,0.187,0.026000000000000002,0.102
235,Latvia,2016,M,567.61,284.98,12940.0,2015,2903.8,5817.0,9990.3,14587.3,26319.6,0.18,0.16,0.344
236,Latvia,2017,F,157.09,139.98,13890.0,2015,2903.8,5817.0,9990.3,14587.3,26319.6,0.187,0.026000000000000002,0.102
237,Latvia,2017,M,554.48,283.55,13890.0,2015,2903.8,5817.0,9990.3,14587.3,26319.6,0.18,0.16,0.344
238,Liechtenstein,2011,F,65.34,42.13,,,,,,,,,,
239,Liechtenstein,2011,M,220.69,96.14,,,,,,,,,,
240,Liechtenstein,2012,F,68.89,49.41,,,,,,,,,,
241,Liechtenstein,2012,M,149.5,94.93,,,,,,,,,,
242,Liechtenstein,2013,F,123.5,74.52,128380.0,,,,,,,,,
243,Liechtenstein,2013,M,155.37,69.58,128380.0,,,,,,,,,
244,Liechtenstein,2014,F,79.22,52.13,133180.0,,,,,,,,,
245,Liechtenstein,2014,M,128.35,42.58,133180.0,,,,,,,,,
246,Liechtenstein,2015,F,47.96,84.25,148440.0,,,,,,,,,
247,Liechtenstein,2015,M,134.74,66.4,148440.0,,,,,,,,,
248,Liechtenstein,2016,F,106.77,84.06,147270.0,,,,,,,,,
249,Liechtenstein,2016,M,131.98,40.78,147270.0,,,,,,,,,
250,Liechtenstein,2017,F,45.91,58.61,150490.0,,,,,,,,,
251,Liechtenstein,2017,M,148.75,63.57,150490.0,,,,,,,,,
252,Lithuania,2011,F,172.85,154.33,10340.0,2015,2678.2,5395.5,8944.2,13645.4,26602.9,0.159,0.013999999999999999,0.102
253,Lithuania,2011,M,660.16,317.09,10340.0,2015,2678.2,5395.5,8944.2,13645.4,26602.9,0.131,0.155,0.321
254,Lithuania,2012,F,169.57,149.4,11180.0,2015,2678.2,5395.5,8944.2,13645.4,26602.9,0.159,0.013999999999999999,0.102
255,Lithuania,2012,M,641.56,318.1,11180.0,2015,2678.2,5395.5,8944.2,13645.4,26602.9,0.131,0.155,0.321
256,Lithuania,2013,F,165.21,145.59,11850.0,2015,2678.2,5395.5,8944.2,13645.4,26602.9,0.159,0.013999999999999999,0.102
257,Lithuania,2013,M,630.27,312.41,11850.0,2015,2678.2,5395.5,8944.2,13645.4,26602.9,0.131,0.155,0.321
258,Lithuania,2014,F,156.31,138.47,12480.0,2015,2678.2,5395.5,8944.2,13645.4,26602.9,0.159,0.013999999999999999,0.102
259,Lithuania,2014,M,593.78,292.43,12480.0,2015,2678.2,5395.5,8944.2,13645.4,26602.9,0.131,0.155,0.321
260,Lithuania,2015,F,156.39,145.36,12860.0,2015,2678.2,5395.5,8944.2,13645.4,26602.9,0.159,0.013999999999999999,0.102
261,Lithuania,2015,M,595.49,309.28,12860.0,2015,2678.2,5395.5,8944.2,13645.4,26602.9,0.131,0.155,0.321
262,Lithuania,2016,F,150.7,141.26,13560.0,2015,2678.2,5395.5,8944.2,13645.4,26602.9,0.159,0.013999999999999999,0.102
263,Lithuania,2016,M,583.93,298.09,13560.0,2015,2678.2,5395.5,8944.2,13645.4,26602.9,0.131,0.155,0.321
264,Lithuania,2017,F,144.04,127.19,14950.0,2015,2678.2,5395.5,8944.2,13645.4,26602.9,0.159,0.013999999999999999,0.102
265,Lithuania,2017,M,527.56,267.43,14950.0,2015,2678.2,5395.5,8944.2,13645.4,26602.9,0.131,0.155,0.321
266,Luxembourg,2011,F,93.02,75.73,83100.0,2015,25849.3,47051.5,58070.2,76374.0,131011.2,0.128,0.040999999999999995,0.19399999999999998
267,Luxembourg,2011,M,208.56,91.87,83100.0,2015,25849.3,47051.5,58070.2,76374.0,131011.2,0.15,0.068,0.295
268,Luxembourg,2012,F,88.67,69.32,83000.0,2015,25849.3,47051.5,58070.2,76374.0,131011.2,0.128,0.040999999999999995,0.19399999999999998
269,Luxembourg,2012,M,216.43,84.5,83000.0,2015,25849.3,47051.5,58070.2,76374.0,131011.2,0.15,0.068,0.295
270,Luxembourg,2013,F,89.76,79.61,85270.0,2015,25849.3,47051.5,58070.2,76374.0,131011.2,0.128,0.040999999999999995,0.19399999999999998
271,Luxembourg,2013,M,207.49,88.0,85270.0,2015,25849.3,47051.5,58070.2,76374.0,131011.2,0.15,0.068,0.295
272,Luxembourg,2014,F,79.95,60.69,89240.0,2015,25849.3,47051.5,58070.2,76374.0,131011.2,0.128,0.040999999999999995,0.19399999999999998
273,Luxembourg,2014,M,213.36,73.85,89240.0,2015,25849.3,47051.5,58070.2,76374.0,131011.2,0.15,0.068,0.295
274,Luxembourg,2015,F,85.22,70.77,91440.0,2015,25849.3,47051.5,58070.2,76374.0,131011.2,0.128,0.040999999999999995,0.19399999999999998
275,Luxembourg,2015,M,185.29,69.95,91440.0,2015,25849.3,47051.5,58070.2,76374.0,131011.2,0.15,0.068,0.295
276,Luxembourg,2016,F,83.09,66.69,93930.0,2015,25849.3,47051.5,58070.2,76374.0,131011.2,0.128,0.040999999999999995,0.19399999999999998
277,Luxembourg,2016,M,197.33,74.79,93930.0,2015,25849.3,47051.5,58070.2,76374.0,131011.2,0.15,0.068,0.295
278,Luxembourg,2017,F,83.34,63.06,95170.0,2015,25849.3,47051.5,58070.2,76374.0,131011.2,0.128,0.040999999999999995,0.19399999999999998
279,Luxembourg,2017,M,175.85,82.36,95170.0,2015,25849.3,47051.5,58070.2,76374.0,131011.2,0.15,0.068,0.295
280,Malta,2011,F,64.72,95.66,16630.0,2015,10661.4,15529.2,22675.8,31432.1,51597.0,0.21,0.067,0.10800000000000001
281,Malta,2011,M,207.7,121.36,16630.0,2015,10661.4,15529.2,22675.8,31432.1,51597.0,0.267,0.113,0.153
282,Malta,2012,F,71.08,96.36,17530.0,2015,10661.4,15529.2,22675.8,31432.1,51597.0,0.21,0.067,0.10800000000000001
283,Malta,2012,M,192.8,123.5,17530.0,2015,10661.4,15529.2,22675.8,31432.1,51597.0,0.267,0.113,0.153
284,Malta,2013,F,60.33,81.55,18650.0,2015,10661.4,15529.2,22675.8,31432.1,51597.0,0.21,0.067,0.10800000000000001
285,Malta,2013,M,179.17,102.42,18650.0,2015,10661.4,15529.2,22675.8,31432.1,51597.0,0.267,0.113,0.153
286,Malta,2014,F,59.4,85.83,20120.0,2015,10661.4,15529.2,22675.8,31432.1,51597.0,0.21,0.067,0.10800000000000001
287,Malta,2014,M,187.46,102.71,20120.0,2015,10661.4,15529.2,22675.8,31432.1,51597.0,0.267,0.113,0.153
288,Malta,2015,F,60.09,80.72,22450.0,2015,10661.4,15529.2,22675.8,31432.1,51597.0,0.21,0.067,0.10800000000000001
289,Malta,2015,M,170.43,92.62,22450.0,2015,10661.4,15529.2,22675.8,31432.1,51597.0,0.267,0.113,0.153
290,Malta,2016,F,65.62,84.61,23240.0,2015,10661.4,15529.2,22675.8,31432.1,51597.0,0.21,0.067,0.10800000000000001
291,Malta,2016,M,165.94,90.26,23240.0,2015,10661.4,15529.2,22675.8,31432.1,51597.0,0.267,0.113,0.153
292,Malta,2017,F,67.63,78.02,24980.0,2015,10661.4,15529.2,22675.8,31432.1,51597.0,0.21,0.067,0.10800000000000001
293,Malta,2017,M,169.69,92.24,24980.0,2015,10661.4,15529.2,22675.8,31432.1,51597.0,0.267,0.113,0.153
294,Netherlands,2011,F,100.74,79.25,38960.0,2015,15352.2,24204.6,33983.4,44920.1,72190.4,0.132,0.033,
295,Netherlands,2011,M,183.49,79.22,38960.0,2015,15352.2,24204.6,33983.4,44920.1,72190.4,0.105,0.057,
296,Netherlands,2012,F,100.72,77.56,38970.0,2015,15352.2,24204.6,33983.4,44920.1,72190.4,0.132,0.033,
297,Netherlands,2012,M,180.13,79.63,38970.0,2015,15352.2,24204.6,33983.4,44920.1,72190.4,0.105,0.057,
298,Netherlands,2013,F,98.04,72.62,39300.0,2015,15352.2,24204.6,33983.4,44920.1,72190.4,0.132,0.033,
299,Netherlands,2013,M,176.05,75.33,39300.0,2015,15352.2,24204.6,33983.4,44920.1,72190.4,0.105,0.057,
300,Netherlands,2014,F,97.52,68.33,39820.0,2015,15352.2,24204.6,33983.4,44920.1,72190.4,0.132,0.033,
301,Netherlands,2014,M,167.9,68.96,39820.0,2015,15352.2,24204.6,33983.4,44920.1,72190.4,0.105,0.057,
302,Netherlands,2015,F,100.15,71.28,40730.0,2015,15352.2,24204.6,33983.4,44920.1,72190.4,0.132,0.033,
303,Netherlands,2015,M,171.23,70.26,40730.0,2015,15352.2,24204.6,33983.4,44920.1,72190.4,0.105,0.057,
304,Netherlands,2016,F,100.48,70.22,41590.0,2015,15352.2,24204.6,33983.4,44920.1,72190.4,0.132,0.033,
305,Netherlands,2016,M,168.07,67.77,41590.0,2015,15352.2,24204.6,33983.4,44920.1,72190.4,0.105,0.057,
306,Netherlands,2017,F,94.73,65.1,43090.0,2015,15352.2,24204.6,33983.4,44920.1,72190.4,0.132,0.033,
307,Netherlands,2017,M,161.97,64.71,43090.0,2015,15352.2,24204.6,33983.4,44920.1,72190.4,0.105,0.057,
308,Norway,2011,F,95.43,66.83,72350.0,,,,,,,0.115,0.016,0.39399999999999996
309,Norway,2011,M,193.08,85.89,72350.0,,,,,,,0.133,0.031,0.573
310,Norway,2012,F,95.92,66.05,79000.0,,,,,,,0.115,0.016,0.39399999999999996
311,Norway,2012,M,178.58,83.74,79000.0,,,,,,,0.133,0.031,0.573
312,Norway,2013,F,98.26,63.6,77440.0,,,,,,,0.115,0.016,0.39399999999999996
313,Norway,2013,M,177.83,76.89,77440.0,,,,,,,0.133,0.031,0.573
314,Norway,2014,F,89.85,62.24,73180.0,,,,,,,0.115,0.016,0.39399999999999996
315,Norway,2014,M,167.84,71.8,73180.0,,,,,,,0.133,0.031,0.573
316,Norway,2015,F,90.42,56.47,66980.0,,,,,,,0.115,0.016,0.39399999999999996
317,Norway,2015,M,166.07,72.42,66980.0,,,,,,,0.133,0.031,0.573
318,Norway,2016,F,91.85,58.53,63690.0,,,,,,,0.115,0.016,0.39399999999999996
319,Norway,2016,M,165.97,67.57,63690.0,,,,,,,0.133,0.031,0.573
320,Norway,2017,F,88.0,57.44,66950.0,,,,,,,0.115,0.016,0.39399999999999996
321,Norway,2017,M,149.96,65.75,66950.0,,,,,,,0.133,0.031,0.573
322,Poland,2011,F,119.63,114.28,9860.0,2015,4614.5,8014.8,10857.3,14465.7,22984.3,0.126,0.057999999999999996,0.083
323,Poland,2011,M,396.56,192.44,9860.0,2015,4614.5,8014.8,10857.3,14465.7,22984.3,0.17,0.166,0.258
324,Poland,2012,F,119.22,113.05,10070.0,2015,4614.5,8014.8,10857.3,14465.7,22984.3,0.126,0.057999999999999996,0.083
325,Poland,2012,M,388.55,187.43,10070.0,2015,4614.5,8014.8,10857.3,14465.7,22984.3,0.17,0.166,0.258
326,Poland,2013,F,117.95,110.4,10190.0,2015,4614.5,8014.8,10857.3,14465.7,22984.3,0.126,0.057999999999999996,0.083
327,Poland,2013,M,373.46,181.39,10190.0,2015,4614.5,8014.8,10857.3,14465.7,22984.3,0.17,0.166,0.258
328,Poland,2014,F,114.65,101.85,10630.0,2015,4614.5,8014.8,10857.3,14465.7,22984.3,0.126,0.057999999999999996,0.083
329,Poland,2014,M,352.93,166.73,10630.0,2015,4614.5,8014.8,10857.3,14465.7,22984.3,0.17,0.166,0.258
330,Poland,2015,F,112.54,101.23,11190.0,2015,4614.5,8014.8,10857.3,14465.7,22984.3,0.126,0.057999999999999996,0.083
331,Poland,2015,M,348.67,167.77,11190.0,2015,4614.5,8014.8,10857.3,14465.7,22984.3,0.17,0.166,0.258
332,Poland,2016,F,110.87,101.01,11110.0,2015,4614.5,8014.8,10857.3,14465.7,22984.3,0.126,0.057999999999999996,0.083
333,Poland,2016,M,343.9,164.61,11110.0,2015,4614.5,8014.8,10857.3,14465.7,22984.3,0.17,0.166,0.258
334,Poland,2017,F,114.72,101.73,12170.0,2015,4614.5,8014.8,10857.3,14465.7,22984.3,0.126,0.057999999999999996,0.083
335,Poland,2017,M,340.65,168.44,12170.0,2015,4614.5,8014.8,10857.3,14465.7,22984.3,0.17,0.166,0.258
336,Portugal,2011,F,70.03,80.66,16680.0,2015,6205.9,10707.3,15078.2,20649.1,37713.8,0.16,0.032,0.035
337,Portugal,2011,M,240.39,111.68,16680.0,2015,6205.9,10707.3,15078.2,20649.1,37713.8,0.142,0.11599999999999999,0.158
338,Portugal,2012,F,65.44,78.83,16010.0,2015,6205.9,10707.3,15078.2,20649.1,37713.8,0.16,0.032,0.035
339,Portugal,2012,M,232.96,110.35,16010.0,2015,6205.9,10707.3,15078.2,20649.1,37713.8,0.142,0.11599999999999999,0.158
340,Portugal,2013,F,64.6,75.15,16300.0,2015,6205.9,10707.3,15078.2,20649.1,37713.8,0.16,0.032,0.035
341,Portugal,2013,M,229.47,107.99,16300.0,2015,6205.9,10707.3,15078.2,20649.1,37713.8,0.142,0.11599999999999999,0.158
342,Portugal,2014,F,66.01,72.73,16640.0,2015,6205.9,10707.3,15078.2,20649.1,37713.8,0.16,0.032,0.035
343,Portugal,2014,M,233.88,108.67,16640.0,2015,6205.9,10707.3,15078.2,20649.1,37713.8,0.142,0.11599999999999999,0.158
344,Portugal,2015,F,67.78,71.58,17350.0,2015,6205.9,10707.3,15078.2,20649.1,37713.8,0.16,0.032,0.035
345,Portugal,2015,M,227.5,105.11,17350.0,2015,6205.9,10707.3,15078.2,20649.1,37713.8,0.142,0.11599999999999999,0.158
346,Portugal,2016,F,63.86,74.66,18060.0,2015,6205.9,10707.3,15078.2,20649.1,37713.8,0.16,0.032,0.035
347,Portugal,2016,M,229.22,105.66,18060.0,2015,6205.9,10707.3,15078.2,20649.1,37713.8,0.142,0.11599999999999999,0.158
348,Portugal,2017,F,63.72,71.14,19020.0,2015,6205.9,10707.3,15078.2,20649.1,37713.8,0.16,0.032,0.035
349,Portugal,2017,M,224.43,99.28,19020.0,2015,6205.9,10707.3,15078.2,20649.1,37713.8,0.142,0.11599999999999999,0.158
350,Romania,2011,F,188.77,177.74,6540.0,2015,1491.5,2997.5,4072.1,5854.4,9909.2,0.077,0.015,0.175
351,Romania,2011,M,514.53,280.7,6540.0,2015,1491.5,2997.5,4072.1,5854.4,9909.2,0.08,0.102,0.345
352,Romania,2012,F,183.13,174.55,6620.0,2015,1491.5,2997.5,4072.1,5854.4,9909.2,0.077,0.015,0.175
353,Romania,2012,M,507.18,274.74,6620.0,2015,1491.5,2997.5,4072.1,5854.4,9909.2,0.08,0.102,0.345
354,Romania,2013,F,174.5,168.48,7190.0,2015,1491.5,2997.5,4072.1,5854.4,9909.2,0.077,0.015,0.175
355,Romania,2013,M,485.8,262.39,7190.0,2015,1491.5,2997.5,4072.1,5854.4,9909.2,0.08,0.102,0.345
356,Romania,2014,F,172.98,164.53,7570.0,2015,1491.5,2997.5,4072.1,5854.4,9909.2,0.077,0.015,0.175
357,Romania,2014,M,488.09,259.53,7570.0,2015,1491.5,2997.5,4072.1,5854.4,9909.2,0.08,0.102,0.345
358,Romania,2015,F,169.03,162.76,8080.0,2015,1491.5,2997.5,4072.1,5854.4,9909.2,0.077,0.015,0.175
359,Romania,2015,M,482.43,264.59,8080.0,2015,1491.5,2997.5,4072.1,5854.4,9909.2,0.08,0.102,0.345
360,Romania,2016,F,167.0,161.32,8630.0,2015,1491.5,2997.5,4072.1,5854.4,9909.2,0.077,0.015,0.175
361,Romania,2016,M,475.62,263.53,8630.0,2015,1491.5,2997.5,4072.1,5854.4,9909.2,0.08,0.102,0.345
362,Romania,2017,F,163.91,159.16,9580.0,2015,1491.5,2997.5,4072.1,5854.4,9909.2,0.077,0.015,0.175
363,Romania,2017,M,470.59,261.71,9580.0,2015,1491.5,2997.5,4072.1,5854.4,9909.2,0.08,0.102,0.345
364,Slovakia,2011,F,134.24,138.79,13210.0,2015,6429.9,9646.4,12232.6,16138.4,24098.8,0.122,0.022000000000000002,0.055999999999999994
365,Slovakia,2011,M,458.5,237.49,13210.0,2015,6429.9,9646.4,12232.6,16138.4,24098.8,0.14300000000000002,0.09,0.2
366,Slovakia,2012,F,135.42,139.03,13610.0,2015,6429.9,9646.4,12232.6,16138.4,24098.8,0.122,0.022000000000000002,0.055999999999999994
367,Slovakia,2012,M,447.23,237.26,13610.0,2015,6429.9,9646.4,12232.6,16138.4,24098.8,0.14300000000000002,0.09,0.2
368,Slovakia,2013,F,126.5,140.36,13750.0,2015,6429.9,9646.4,12232.6,16138.4,24098.8,0.122,0.022000000000000002,0.055999999999999994
369,Slovakia,2013,M,424.38,237.96,13750.0,2015,6429.9,9646.4,12232.6,16138.4,24098.8,0.14300000000000002,0.09,0.2
370,Slovakia,2014,F,126.54,128.19,14080.0,2015,6429.9,9646.4,12232.6,16138.4,24098.8,0.122,0.022000000000000002,0.055999999999999994
371,Slovakia,2014,M,403.15,224.24,14080.0,2015,6429.9,9646.4,12232.6,16138.4,24098.8,0.14300000000000002,0.09,0.2
372,Slovakia,2015,F,127.62,132.55,14710.0,2015,6429.9,9646.4,12232.6,16138.4,24098.8,0.122,0.022000000000000002,0.055999999999999994
373,Slovakia,2015,M,413.19,231.9,14710.0,2015,6429.9,9646.4,12232.6,16138.4,24098.8,0.14300000000000002,0.09,0.2
374,Slovakia,2016,F,121.12,128.3,14920.0,2015,6429.9,9646.4,12232.6,16138.4,24098.8,0.122,0.022000000000000002,0.055999999999999994
375,Slovakia,2016,M,389.69,217.66,14920.0,2015,6429.9,9646.4,12232.6,16138.4,24098.8,0.14300000000000002,0.09,0.2
376,Slovakia,2017,F,123.06,129.52,15540.0,2015,6429.9,9646.4,12232.6,16138.4,24098.8,0.122,0.022000000000000002,0.055999999999999994
377,Slovakia,2017,M,375.07,227.96,15540.0,2015,6429.9,9646.4,12232.6,16138.4,24098.8,0.14300000000000002,0.09,0.2
378,Slovenia,2011,F,101.73,81.06,18050.0,2015,7877.5,14305.4,20553.2,26351.4,39314.2,0.153,0.040999999999999995,0.107
379,Slovenia,2011,M,324.39,122.75,18050.0,2015,7877.5,14305.4,20553.2,26351.4,39314.2,0.193,0.115,0.255
380,Slovenia,2012,F,102.52,78.11,17630.0,2015,7877.5,14305.4,20553.2,26351.4,39314.2,0.153,0.040999999999999995,0.107
381,Slovenia,2012,M,311.21,112.49,17630.0,2015,7877.5,14305.4,20553.2,26351.4,39314.2,0.193,0.115,0.255
382,Slovenia,2013,F,97.81,74.53,17700.0,2015,7877.5,14305.4,20553.2,26351.4,39314.2,0.153,0.040999999999999995,0.107
383,Slovenia,2013,M,307.89,117.81,17700.0,2015,7877.5,14305.4,20553.2,26351.4,39314.2,0.193,0.115,0.255
384,Slovenia,2014,F,92.31,73.17,18250.0,2015,7877.5,14305.4,20553.2,26351.4,39314.2,0.153,0.040999999999999995,0.107
385,Slovenia,2014,M,290.42,107.5,18250.0,2015,7877.5,14305.4,20553.2,26351.4,39314.2,0.193,0.115,0.255
386,Slovenia,2015,F,95.53,76.21,18830.0,2015,7877.5,14305.4,20553.2,26351.4,39314.2,0.153,0.040999999999999995,0.107
387,Slovenia,2015,M,295.11,110.4,18830.0,2015,7877.5,14305.4,20553.2,26351.4,39314.2,0.193,0.115,0.255
388,Slovenia,2016,F,86.03,65.88,19590.0,2015,7877.5,14305.4,20553.2,26351.4,39314.2,0.153,0.040999999999999995,0.107
389,Slovenia,2016,M,287.53,94.8,19590.0,2015,7877.5,14305.4,20553.2,26351.4,39314.2,0.193,0.115,0.255
390,Slovenia,2017,F,96.58,66.36,20820.0,2015,7877.5,14305.4,20553.2,26351.4,39314.2,0.153,0.040999999999999995,0.107
391,Slovenia,2017,M,282.91,91.43,20820.0,2015,7877.5,14305.4,20553.2,26351.4,39314.2,0.193,0.115,0.255
392,Spain,2011,F,53.75,62.96,22760.0,2015,8959.4,16158.6,23198.7,31863.7,54359.7,0.132,0.054000000000000006,0.047
393,Spain,2011,M,208.86,86.96,22760.0,2015,8959.4,16158.6,23198.7,31863.7,54359.7,0.155,0.107,0.113
394,Spain,2012,F,52.94,60.14,22050.0,2015,8959.4,16158.6,23198.7,31863.7,54359.7,0.132,0.054000000000000006,0.047
395,Spain,2012,M,204.53,86.36,22050.0,2015,8959.4,16158.6,23198.7,31863.7,54359.7,0.155,0.107,0.113
396,Spain,2013,F,53.85,59.91,21900.0,2015,8959.4,16158.6,23198.7,31863.7,54359.7,0.132,0.054000000000000006,0.047
397,Spain,2013,M,198.39,82.3,21900.0,2015,8959.4,16158.6,23198.7,31863.7,54359.7,0.155,0.107,0.113
398,Spain,2014,F,53.12,56.95,22220.0,2015,8959.4,16158.6,23198.7,31863.7,54359.7,0.132,0.054000000000000006,0.047
399,Spain,2014,M,192.44,81.19,22220.0,2015,8959.4,16158.6,23198.7,31863.7,54359.7,0.155,0.107,0.113
400,Spain,2015,F,53.63,57.08,23220.0,2015,8959.4,16158.6,23198.7,31863.7,54359.7,0.132,0.054000000000000006,0.047
401,Spain,2015,M,190.48,80.8,23220.0,2015,8959.4,16158.6,23198.7,31863.7,54359.7,0.155,0.107,0.113
402,Spain,2016,F,53.27,55.73,23980.0,2015,8959.4,16158.6,23198.7,31863.7,54359.7,0.132,0.054000000000000006,0.047
403,Spain,2016,M,187.54,79.15,23980.0,2015,8959.4,16158.6,23198.7,31863.7,54359.7,0.155,0.107,0.113
404,Spain,2017,F,53.82,54.63,24970.0,2015,8959.4,16158.6,23198.7,31863.7,54359.7,0.132,0.054000000000000006,0.047
405,Spain,2017,M,182.89,77.59,24970.0,2015,8959.4,16158.6,23198.7,31863.7,54359.7,0.155,0.107,0.113
406,Sweden,2011,F,87.16,67.82,43690.0,2015,14078.1,24141.6,37051.4,48388.8,71973.8,0.131,0.012,0.11800000000000001
407,Sweden,2011,M,168.63,87.48,43690.0,2015,14078.1,24141.6,37051.4,48388.8,71973.8,0.13,0.013999999999999999,0.25
408,Sweden,2012,F,87.65,67.44,45170.0,2015,14078.1,24141.6,37051.4,48388.8,71973.8,0.131,0.012,0.11800000000000001
409,Sweden,2012,M,164.2,84.27,45170.0,2015,14078.1,24141.6,37051.4,48388.8,71973.8,0.13,0.013999999999999999,0.25
410,Sweden,2013,F,88.93,66.79,46020.0,2015,14078.1,24141.6,37051.4,48388.8,71973.8,0.131,0.012,0.11800000000000001
411,Sweden,2013,M,164.52,82.92,46020.0,2015,14078.1,24141.6,37051.4,48388.8,71973.8,0.13,0.013999999999999999,0.25
412,Sweden,2014,F,88.24,63.73,45260.0,2015,14078.1,24141.6,37051.4,48388.8,71973.8,0.131,0.012,0.11800000000000001
413,Sweden,2014,M,159.74,77.56,45260.0,2015,14078.1,24141.6,37051.4,48388.8,71973.8,0.13,0.013999999999999999,0.25
414,Sweden,2015,F,84.66,63.2,46480.0,2015,14078.1,24141.6,37051.4,48388.8,71973.8,0.131,0.012,0.11800000000000001
415,Sweden,2015,M,160.16,78.69,46480.0,2015,14078.1,24141.6,37051.4,48388.8,71973.8,0.13,0.013999999999999999,0.25
416,Sweden,2016,F,86.12,61.04,46990.0,2015,14078.1,24141.6,37051.4,48388.8,71973.8,0.131,0.012,0.11800000000000001
417,Sweden,2016,M,156.36,74.39,46990.0,2015,14078.1,24141.6,37051.4,48388.8,71973.8,0.13,0.013999999999999999,0.25
418,Sweden,2017,F,84.78,61.46,47730.0,2015,14078.1,24141.6,37051.4,48388.8,71973.8,0.131,0.012,0.11800000000000001
419,Sweden,2017,M,151.21,71.86,47730.0,2015,14078.1,24141.6,37051.4,48388.8,71973.8,0.13,0.013999999999999999,0.25
420,Switzerland,2011,F,73.75,57.5,65750.0,,,,,,,,,
421,Switzerland,2011,M,176.21,68.04,65750.0,,,,,,,,,
422,Switzerland,2012,F,74.02,56.32,67330.0,,,,,,,,,
423,Switzerland,2012,M,173.75,63.45,67330.0,,,,,,,,,
424,Switzerland,2013,F,73.85,53.98,66340.0,,,,,,,,,
425,Switzerland,2013,M,171.67,61.6,66340.0,,,,,,,,,
426,Switzerland,2014,F,72.7,52.3,67650.0,,,,,,,,,
427,Switzerland,2014,M,160.99,60.65,67650.0,,,,,,,,,
428,Switzerland,2015,F,69.37,52.13,76400.0,,,,,,,,,
429,Switzerland,2015,M,165.95,59.86,76400.0,,,,,,,,,
430,Switzerland,2016,F,68.91,51.35,75090.0,,,,,,,,,
431,Switzerland,2016,M,155.29,54.23,75090.0,,,,,,,,,
432,Switzerland,2017,F,68.19,49.32,73830.0,,,,,,,,,
433,Switzerland,2017,M,151.4,54.56,73830.0,,,,,,,,,
434,United Kingdom,2011,F,107.87,85.92,30230.0,2015,13088.3,24832.3,32990.2,45703.4,78935.2,0.204,0.032,0.122
435,United Kingdom,2011,M,213.43,103.49,30230.0,2015,13088.3,24832.3,32990.2,45703.4,78935.2,0.19899999999999998,0.051,0.17800000000000002
436,United Kingdom,2012,F,107.15,85.12,33140.0,2015,13088.3,24832.3,32990.2,45703.4,78935.2,0.204,0.032,0.122
437,United Kingdom,2012,M,208.24,100.37,33140.0,2015,13088.3,24832.3,32990.2,45703.4,78935.2,0.19899999999999998,0.051,0.17800000000000002
438,United Kingdom,2013,F,105.41,82.29,32700.0,2015,13088.3,24832.3,32990.2,45703.4,78935.2,0.204,0.032,0.122
439,United Kingdom,2013,M,206.69,98.42,32700.0,2015,13088.3,24832.3,32990.2,45703.4,78935.2,0.19899999999999998,0.051,0.17800000000000002
440,United Kingdom,2014,F,105.41,81.24,35780.0,2015,13088.3,24832.3,32990.2,45703.4,78935.2,0.204,0.032,0.122
441,United Kingdom,2014,M,201.67,96.08,35780.0,2015,13088.3,24832.3,32990.2,45703.4,78935.2,0.19899999999999998,0.051,0.17800000000000002
442,United Kingdom,2015,F,106.21,81.74,40620.0,2015,13088.3,24832.3,32990.2,45703.4,78935.2,0.204,0.032,0.122
443,United Kingdom,2015,M,203.1,97.94,40620.0,2015,13088.3,24832.3,32990.2,45703.4,78935.2,0.19899999999999998,0.051,0.17800000000000002
444,United Kingdom,2016,F,107.03,83.25,37080.0,2015,13088.3,24832.3,32990.2,45703.4,78935.2,0.204,0.032,0.122
445,United Kingdom,2016,M,203.71,97.55,37080.0,2015,13088.3,24832.3,32990.2,45703.4,78935.2,0.19899999999999998,0.051,0.17800000000000002
446,United Kingdom,2017,F,105.0,80.49,35730.0,2015,13088.3,24832.3,32990.2,45703.4,78935.2,0.204,0.032,0.122
447,United Kingdom,2017,M,201.59,96.73,35730.0,2015,13088.3,24832.3,32990.2,45703.4,78935.2,0.19899999999999998,0.051,0.17800000000000002
